                  epoch,         train/box_loss,         train/cls_loss,         train/dfl_loss,   metrics/precision(B),      metrics/recall(B),       metrics/mAP50(B),    metrics/mAP50-95(B),           val/box_loss,           val/cls_loss,           val/dfl_loss,                 lr/pg0,                 lr/pg1,                 lr/pg2
                      0,                 2.1351,                 3.4864,                 2.3582,                      0,                      0,                      0,                      0,                    nan,                    nan,                    nan,               0.070698,              0.0032558,              0.0032558
                      1,                 1.8765,                 2.6868,                  2.266,                0.00206,                0.01629,                0.00072,                0.00018,                 3.7729,                 28.382,                 16.022,               0.040672,              0.0065631,              0.0065631
                      2,                 1.7634,                 2.5106,                 2.1599,                0.06408,                0.15954,                 0.0333,                0.01488,                 2.5989,                  12.68,                 4.2952,               0.010619,              0.0098439,              0.0098439
                      3,                 1.7012,                 2.3615,                 2.1084,                0.68474,                 0.1446,                0.04567,                0.02414,                 2.1224,                 7.5095,                 3.1627,              0.0098812,              0.0098812,              0.0098812
                      4,                 1.6707,                 2.2977,                 2.0821,                 0.5528,                0.29446,                 0.2861,                0.19379,                 1.7187,                 3.3921,                 2.4777,              0.0098812,              0.0098812,              0.0098812
                      5,                 1.6232,                 2.2149,                 2.0487,                0.52461,                0.31912,                0.29172,                0.17435,                 1.7312,                 3.4748,                 2.3581,              0.0098416,              0.0098416,              0.0098416
                      6,                 1.5807,                 2.1702,                  2.002,                0.59547,                0.19252,                0.28363,                0.18113,                 1.6294,                 3.4181,                 2.1758,               0.009802,               0.009802,               0.009802
                      7,                 1.5479,                 2.0836,                  1.968,                0.57622,                0.37435,                0.40642,                0.26243,                 1.4683,                  1.979,                  2.016,              0.0097624,              0.0097624,              0.0097624
                      8,                 1.5063,                  2.012,                 1.9327,                0.69153,                0.22623,                0.33936,                 0.2199,                 1.6658,                 4.2455,                 2.3283,              0.0097228,              0.0097228,              0.0097228
                      9,                 1.5253,                 2.0218,                 1.9425,                0.60428,                0.32867,                0.34999,                0.23758,                 1.6281,                 3.0116,                 2.2876,              0.0096832,              0.0096832,              0.0096832
                     10,                   1.49,                  1.973,                 1.9182,                0.59234,                0.27213,                0.30412,                0.19569,                 1.6114,                 2.5914,                 2.2071,              0.0096436,              0.0096436,              0.0096436
                     11,                 1.4519,                 1.9459,                 1.8801,                0.60716,                0.40082,                0.40253,                0.27253,                 1.3877,                 1.9444,                 1.9277,               0.009604,               0.009604,               0.009604
                     12,                 1.4688,                 1.9544,                 1.8964,                0.62859,                0.37726,                0.38917,                0.25966,                 1.4374,                 2.1976,                  2.003,              0.0095644,              0.0095644,              0.0095644
                     13,                 1.4113,                 1.8708,                 1.8408,                0.54707,                0.38668,                0.40559,                0.27154,                 1.4188,                 1.9297,                 1.9744,              0.0095248,              0.0095248,              0.0095248
                     14,                  1.433,                 1.8766,                 1.8605,                0.64054,                0.35231,                0.36106,                0.24186,                 1.4243,                 2.2719,                   1.89,              0.0094852,              0.0094852,              0.0094852
                     15,                 1.4197,                 1.8842,                 1.8544,                0.58879,                0.28501,                0.29318,                0.20284,                 1.8134,                 3.2751,                 2.6478,              0.0094456,              0.0094456,              0.0094456
                     16,                 1.3873,                 1.8145,                 1.8172,                0.68607,                0.31185,                0.40273,                0.26813,                 1.4673,                 1.8784,                 1.9734,               0.009406,               0.009406,               0.009406
                     17,                 1.4195,                 1.8614,                 1.8498,                0.68602,                0.33986,                 0.4019,                0.27784,                 1.3568,                 2.5063,                 1.8773,              0.0093664,              0.0093664,              0.0093664
                     18,                 1.3878,                  1.832,                  1.835,                0.67983,                0.30067,                0.34479,                0.23863,                 1.4725,                 2.5541,                 2.0641,              0.0093268,              0.0093268,              0.0093268
                     19,                 1.4007,                 1.8288,                 1.8381,                0.61286,                  0.336,                0.35302,                0.24518,                 1.5031,                 2.6145,                 2.1705,              0.0092872,              0.0092872,              0.0092872
                     20,                  1.385,                 1.8452,                 1.8221,                0.58165,                0.34635,                0.35038,                0.24364,                 1.3584,                 2.2003,                 1.9291,              0.0092476,              0.0092476,              0.0092476
                     21,                 1.3713,                 1.8098,                 1.8104,                 0.6123,                0.36937,                  0.379,                0.24943,                 1.5539,                 1.8983,                 1.9955,               0.009208,               0.009208,               0.009208
                     22,                  1.366,                 1.7852,                 1.8138,                0.53093,                0.41838,                0.43047,                0.29437,                 1.3385,                 1.8902,                 1.8773,              0.0091684,              0.0091684,              0.0091684
                     23,                 1.3642,                 1.7839,                 1.7996,                0.60555,                0.35872,                 0.3722,                0.25163,                  1.429,                  1.794,                  1.964,              0.0091288,              0.0091288,              0.0091288
                     24,                 1.3514,                  1.774,                  1.789,                0.70852,                0.25308,                0.35679,                0.24929,                  1.491,                 3.4973,                 2.1498,              0.0090892,              0.0090892,              0.0090892
                     25,                 1.3346,                 1.7478,                 1.7785,                0.63916,                0.37191,                0.38426,                0.27461,                 1.3429,                 2.2863,                 1.9184,              0.0090496,              0.0090496,              0.0090496
                     26,                 1.3287,                 1.7206,                 1.7706,                0.68426,                0.32292,                0.37833,                0.24208,                 1.4885,                    2.1,                 1.9973,                0.00901,                0.00901,                0.00901
                     27,                 1.3453,                 1.7568,                  1.797,                0.54154,                0.48301,                0.48697,                0.32084,                 1.3323,                 1.7191,                  1.876,              0.0089704,              0.0089704,              0.0089704
                     28,                 1.3247,                 1.7263,                 1.7731,                0.63222,                0.39052,                 0.4186,                0.28688,                 1.3497,                 1.9343,                 1.8981,              0.0089308,              0.0089308,              0.0089308
                     29,                 1.3424,                 1.7371,                 1.7752,                 0.6512,                0.37617,                0.41793,                0.28853,                 1.3329,                 1.8717,                 1.9078,              0.0088912,              0.0088912,              0.0088912
                     30,                 1.3273,                 1.7267,                  1.766,                0.66144,                0.43341,                0.48022,                0.31155,                 1.3116,                 1.8605,                 1.8257,              0.0088516,              0.0088516,              0.0088516
                     31,                 1.3446,                 1.7542,                 1.7927,                0.63408,                0.35754,                0.39574,                0.27077,                 1.4902,                 2.1316,                 2.0567,               0.008812,               0.008812,               0.008812
                     32,                 1.3123,                 1.7054,                  1.747,                0.53814,                 0.4107,                0.44599,                0.29074,                 1.3537,                 1.7611,                 1.8539,              0.0087724,              0.0087724,              0.0087724
                     33,                 1.2922,                 1.6749,                 1.7377,                0.61842,                 0.3467,                0.41435,                0.29611,                 1.5413,                 2.5097,                 2.1145,              0.0087328,              0.0087328,              0.0087328
                     34,                 1.3035,                 1.7031,                 1.7434,                0.55341,                 0.4882,                0.51537,                 0.3432,                 1.2022,                  1.673,                  1.696,              0.0086932,              0.0086932,              0.0086932
                     35,                 1.3017,                 1.6912,                 1.7469,                0.63374,                0.36767,                0.44968,                0.30571,                 1.2351,                  1.683,                 1.7639,              0.0086536,              0.0086536,              0.0086536
                     36,                   1.29,                 1.6851,                 1.7451,                0.64223,                0.38453,                0.42162,                0.30139,                 1.2246,                  1.677,                 1.7706,               0.008614,               0.008614,               0.008614
                     37,                 1.2751,                 1.6489,                 1.7166,                0.57958,                 0.4269,                0.46024,                0.31602,                 1.3219,                 1.6549,                 1.8303,              0.0085744,              0.0085744,              0.0085744
                     38,                 1.2925,                 1.6827,                 1.7407,                0.62893,                0.37693,                0.38351,                0.25884,                 1.3693,                 2.1745,                 1.9475,              0.0085348,              0.0085348,              0.0085348
                     39,                 1.2965,                 1.6824,                 1.7434,                0.57159,                0.50944,                0.50977,                0.34521,                 1.2088,                 1.5815,                 1.7497,              0.0084952,              0.0084952,              0.0084952
                     40,                 1.2902,                 1.6685,                  1.736,                0.63183,                0.33727,                0.39976,                0.29182,                  1.312,                 2.0267,                 1.8257,              0.0084556,              0.0084556,              0.0084556
                     41,                 1.2798,                 1.6478,                 1.7287,                 0.6265,                0.39047,                0.43641,                0.30763,                 1.3593,                 1.8036,                 1.9017,               0.008416,               0.008416,               0.008416
                     42,                 1.2599,                 1.6179,                 1.7042,                0.56457,                0.35592,                0.43108,                0.29868,                 1.2967,                 2.0223,                 1.8297,              0.0083764,              0.0083764,              0.0083764
                     43,                 1.2716,                 1.6415,                 1.7161,                0.63125,                 0.3902,                0.41742,                0.29525,                 1.2541,                 1.8063,                 1.7699,              0.0083368,              0.0083368,              0.0083368
                     44,                 1.2574,                 1.6145,                 1.6938,                0.53379,                0.40993,                0.41663,                0.28335,                 1.3654,                 1.9942,                 1.9209,              0.0082972,              0.0082972,              0.0082972
                     45,                 1.2762,                 1.6361,                 1.7269,                0.60074,                0.39291,                0.44695,                0.30779,                 1.3064,                 1.7446,                  1.838,              0.0082576,              0.0082576,              0.0082576
                     46,                 1.2829,                 1.6583,                 1.7378,                0.69357,                0.33392,                0.37833,                0.26982,                 1.3692,                 2.1055,                 1.8962,               0.008218,               0.008218,               0.008218
                     47,                 1.2744,                 1.6322,                 1.7156,                0.63888,                 0.3962,                0.43976,                0.30743,                 1.2357,                 1.6595,                 1.7493,              0.0081784,              0.0081784,              0.0081784
                     48,                 1.2706,                 1.6292,                  1.717,                0.51224,                0.43188,                0.48418,                0.33613,                 1.2038,                 1.6553,                  1.724,              0.0081388,              0.0081388,              0.0081388
                     49,                 1.2638,                 1.6296,                 1.7153,                0.64274,                 0.4594,                0.49394,                0.32816,                 1.2652,                 1.6995,                 1.7807,              0.0080992,              0.0080992,              0.0080992
                     50,                 1.2724,                  1.639,                 1.7139,                0.63866,                 0.3989,                0.43808,                0.29635,                 1.3743,                 1.6889,                  1.878,              0.0080596,              0.0080596,              0.0080596
                     51,                 1.2429,                 1.6081,                 1.6928,                0.69496,                0.40321,                0.49744,                0.34256,                 1.2819,                 1.6063,                  1.765,                0.00802,                0.00802,                0.00802
                     52,                 1.2441,                 1.5911,                 1.6846,                0.64515,                0.39254,                0.45924,                0.31568,                 1.2365,                 1.6921,                 1.7785,              0.0079804,              0.0079804,              0.0079804
                     53,                 1.2434,                 1.5998,                 1.6951,                0.62413,                0.44304,                0.48842,                0.33078,                 1.2231,                 1.8059,                 1.7288,              0.0079408,              0.0079408,              0.0079408
                     54,                 1.2379,                 1.5894,                 1.6951,                0.68628,                0.39802,                0.46313,                0.31385,                 1.2014,                 1.6394,                  1.715,              0.0079012,              0.0079012,              0.0079012
                     55,                  1.257,                 1.6256,                 1.7003,                0.57651,                0.52309,                0.50964,                0.34538,                 1.2232,                 1.5359,                 1.7461,              0.0078616,              0.0078616,              0.0078616
                     56,                 1.2554,                 1.6203,                 1.7067,                 0.6425,                0.37388,                0.45138,                0.31368,                 1.2348,                 1.7315,                 1.7557,               0.007822,               0.007822,               0.007822
                     57,                  1.249,                 1.6055,                 1.6909,                0.63697,                0.37358,                0.44372,                0.30195,                 1.2637,                 1.7688,                 1.7752,              0.0077824,              0.0077824,              0.0077824
                     58,                 1.2423,                  1.581,                 1.6899,                0.55594,                0.46984,                0.49354,                0.34318,                 1.1846,                 1.5503,                 1.7006,              0.0077428,              0.0077428,              0.0077428
                     59,                  1.227,                  1.585,                 1.6697,                0.66338,                0.38371,                0.46009,                0.31471,                 1.2802,                 1.7515,                 1.8173,              0.0077032,              0.0077032,              0.0077032
                     60,                 1.2259,                 1.5898,                 1.6746,                0.58886,                 0.4586,                0.50955,                0.35049,                 1.1558,                 1.4727,                 1.6848,              0.0076636,              0.0076636,              0.0076636
                     61,                 1.2265,                 1.5774,                  1.676,                 0.6476,                0.37446,                0.46783,                0.32338,                 1.2758,                 1.9807,                 1.8118,               0.007624,               0.007624,               0.007624
                     62,                 1.2407,                 1.5918,                 1.6725,                0.56822,                0.35998,                0.36195,                0.24834,                 1.4832,                 2.4667,                 2.0808,              0.0075844,              0.0075844,              0.0075844
                     63,                  1.247,                 1.5936,                 1.6931,                0.49437,                0.47274,                0.47631,                0.32933,                  1.161,                 1.6046,                 1.6785,              0.0075448,              0.0075448,              0.0075448
                     64,                 1.2285,                 1.5848,                 1.6795,                0.63889,                0.35872,                0.42527,                0.29027,                 1.3583,                 1.6666,                 1.8567,              0.0075052,              0.0075052,              0.0075052
                     65,                 1.2293,                 1.5766,                 1.6781,                0.67005,                0.37713,                0.46916,                0.33378,                 1.1731,                 1.6176,                 1.6555,              0.0074656,              0.0074656,              0.0074656
                     66,                 1.2383,                 1.6046,                  1.692,                0.52944,                0.47353,                0.52285,                0.35274,                 1.1783,                 1.5672,                 1.6857,               0.007426,               0.007426,               0.007426
                     67,                 1.2201,                 1.5657,                 1.6642,                0.59986,                0.39403,                0.39625,                0.27919,                 1.3345,                   2.05,                 1.9004,              0.0073864,              0.0073864,              0.0073864
                     68,                 1.2233,                 1.5629,                 1.6598,                0.63284,                0.49127,                0.53189,                0.36713,                 1.1575,                 1.4711,                  1.691,              0.0073468,              0.0073468,              0.0073468
                     69,                  1.205,                 1.5325,                 1.6535,                 0.5576,                0.53739,                0.54418,                0.36767,                 1.1498,                 1.4008,                 1.6704,              0.0073072,              0.0073072,              0.0073072
                     70,                 1.2233,                 1.5493,                  1.658,                0.62832,                0.45041,                0.52662,                0.36267,                 1.1356,                  1.517,                 1.6264,              0.0072676,              0.0072676,              0.0072676
                     71,                  1.217,                 1.5582,                 1.6646,                0.55503,                0.44934,                0.48221,                0.33994,                 1.1877,                 1.5208,                 1.7113,               0.007228,               0.007228,               0.007228
                     72,                 1.2469,                 1.5859,                 1.6955,                0.60844,                0.47032,                0.52322,                0.36134,                  1.154,                 1.4662,                 1.6852,              0.0071884,              0.0071884,              0.0071884
                     73,                 1.1893,                 1.5273,                 1.6412,                0.63222,                 0.3946,                0.45188,                0.32377,                 1.1572,                 1.6467,                 1.6908,              0.0071488,              0.0071488,              0.0071488
                     74,                 1.2208,                 1.5562,                 1.6767,                0.51419,                0.51597,                0.49745,                0.34051,                 1.2327,                 1.5083,                  1.761,              0.0071092,              0.0071092,              0.0071092
                     75,                 1.2216,                 1.5515,                 1.6721,                0.45639,                0.47463,                0.42982,                0.30167,                 1.1903,                 1.6909,                 1.7198,              0.0070696,              0.0070696,              0.0070696
                     76,                 1.2232,                 1.5612,                 1.6666,                0.66032,                0.41005,                0.50391,                 0.3455,                 1.1534,                 1.8393,                 1.6722,                0.00703,                0.00703,                0.00703
                     77,                 1.2066,                 1.5344,                 1.6459,                0.61775,                0.36984,                0.44056,                  0.317,                 1.2104,                 1.7256,                 1.7476,              0.0069904,              0.0069904,              0.0069904
                     78,                 1.2204,                 1.5628,                 1.6691,                0.62591,                0.44992,                0.48012,                0.31321,                 1.3709,                 1.5669,                 1.9024,              0.0069508,              0.0069508,              0.0069508
                     79,                 1.2195,                 1.5596,                 1.6632,                0.65489,                0.37812,                0.45045,                0.31842,                 1.1846,                   1.57,                  1.735,              0.0069112,              0.0069112,              0.0069112
                     80,                 1.1997,                 1.5317,                 1.6438,                0.65282,                0.42293,                 0.4741,                0.32991,                 1.1596,                 1.4748,                 1.6909,              0.0068716,              0.0068716,              0.0068716
                     81,                  1.185,                 1.5107,                 1.6364,                  0.619,                0.46509,                0.51981,                 0.3623,                 1.1173,                 1.4746,                 1.6509,               0.006832,               0.006832,               0.006832
                     82,                 1.1993,                 1.5426,                 1.6522,                0.67191,                0.38683,                0.41159,                0.30411,                 1.2287,                 2.2029,                 1.7522,              0.0067924,              0.0067924,              0.0067924
                     83,                 1.2116,                 1.5366,                 1.6546,                0.54105,                0.51365,                0.52068,                0.35894,                 1.1561,                 1.5609,                 1.6847,              0.0067528,              0.0067528,              0.0067528
                     84,                 1.1858,                 1.5226,                 1.6298,                0.61134,                0.52319,                0.53872,                0.37842,                 1.0875,                 1.3954,                   1.61,              0.0067132,              0.0067132,              0.0067132
                     85,                 1.1792,                 1.5029,                 1.6209,                0.56428,                0.53341,                0.55793,                0.37887,                 1.1564,                 1.3462,                  1.679,              0.0066736,              0.0066736,              0.0066736
                     86,                  1.181,                 1.5034,                 1.6261,                0.64473,                 0.4273,                0.46125,                0.32106,                 1.1474,                 1.5856,                 1.6674,               0.006634,               0.006634,               0.006634
                     87,                 1.1963,                 1.5169,                 1.6359,                0.61328,                0.50283,                0.52586,                  0.364,                 1.1601,                 1.4861,                 1.6646,              0.0065944,              0.0065944,              0.0065944
                     88,                 1.1848,                 1.5059,                 1.6362,                0.58541,                0.44627,                0.49363,                0.32731,                 1.2611,                 1.5893,                 1.7398,              0.0065548,              0.0065548,              0.0065548
                     89,                 1.1856,                 1.5165,                  1.636,                0.68075,                0.40999,                0.51151,                0.35981,                 1.1293,                 1.4281,                 1.6551,              0.0065152,              0.0065152,              0.0065152
                     90,                 1.1855,                 1.5028,                 1.6383,                0.64805,                0.41432,                0.50085,                0.34093,                  1.207,                 1.4582,                 1.7418,              0.0064756,              0.0064756,              0.0064756
                     91,                 1.1982,                  1.516,                 1.6423,                0.65452,                0.42598,                0.52918,                0.36484,                 1.0804,                 1.5174,                 1.5898,               0.006436,               0.006436,               0.006436
                     92,                 1.1961,                 1.5228,                 1.6486,                0.67025,                0.36281,                0.41452,                0.29592,                 1.2185,                 1.8992,                 1.7776,              0.0063964,              0.0063964,              0.0063964
                     93,                 1.2067,                  1.532,                 1.6576,                0.59294,                0.48799,                 0.4782,                0.32516,                 1.2038,                  1.583,                 1.7149,              0.0063568,              0.0063568,              0.0063568
                     94,                 1.1843,                 1.5075,                 1.6239,                0.60683,                0.50251,                0.50322,                0.34508,                 1.1759,                  1.625,                 1.6967,              0.0063172,              0.0063172,              0.0063172
                     95,                 1.1692,                 1.4802,                 1.6179,                0.52095,                0.51848,                0.52258,                0.36926,                  1.174,                 1.4045,                 1.6879,              0.0062776,              0.0062776,              0.0062776
                     96,                 1.1573,                 1.4759,                 1.6064,                0.55777,                0.48053,                0.53424,                0.37077,                 1.1281,                 1.4571,                  1.672,               0.006238,               0.006238,               0.006238
                     97,                 1.1715,                 1.4869,                 1.6235,                0.66751,                0.39863,                0.48122,                0.34094,                 1.1296,                 1.5151,                 1.6363,              0.0061984,              0.0061984,              0.0061984
                     98,                 1.1741,                 1.4885,                 1.6154,                0.66029,                0.42757,                0.52408,                0.37025,                 1.0781,                 1.4423,                 1.5973,              0.0061588,              0.0061588,              0.0061588
                     99,                 1.1679,                 1.4795,                 1.6189,                0.61803,                0.50795,                 0.5795,                0.40233,                 1.0654,                 1.3887,                 1.5914,              0.0061192,              0.0061192,              0.0061192
                    100,                  1.168,                 1.4838,                 1.6112,                 0.5494,                0.55157,                 0.5512,                0.37977,                 1.1738,                 1.4056,                  1.664,              0.0060796,              0.0060796,              0.0060796
                    101,                  1.158,                 1.4806,                 1.6044,                0.61551,                0.44117,                 0.5125,                0.35976,                 1.0815,                 1.5563,                 1.6074,                0.00604,                0.00604,                0.00604
                    102,                 1.1732,                 1.4759,                 1.6198,                0.62904,                0.41401,                0.48685,                0.33356,                 1.1712,                 2.0601,                 1.7308,              0.0060004,              0.0060004,              0.0060004
                    103,                 1.1755,                 1.4846,                 1.6316,                0.52876,                0.54796,                0.53466,                0.37475,                 1.1256,                 1.4056,                 1.6373,              0.0059608,              0.0059608,              0.0059608
                    104,                 1.1551,                  1.456,                 1.6064,                0.59158,                0.52668,                0.55613,                0.38674,                 1.1168,                 1.4958,                 1.6196,              0.0059212,              0.0059212,              0.0059212
                    105,                 1.1623,                 1.4657,                 1.6051,                0.69942,                0.35607,                0.43354,                0.30889,                 1.2492,                 1.7832,                 1.7872,              0.0058816,              0.0058816,              0.0058816
                    106,                  1.158,                 1.4641,                 1.6042,                0.61012,                 0.5245,                0.53992,                0.37823,                 1.0963,                 1.4735,                 1.6244,               0.005842,               0.005842,               0.005842
                    107,                 1.1623,                 1.4756,                 1.6163,                0.67083,                 0.4249,                0.49499,                0.35057,                 1.1149,                 1.5262,                 1.6334,              0.0058024,              0.0058024,              0.0058024
                    108,                 1.1669,                 1.4724,                 1.6085,                0.60549,                0.54595,                0.58834,                0.40434,                 1.0869,                 1.2507,                 1.5968,              0.0057628,              0.0057628,              0.0057628
                    109,                 1.1556,                  1.452,                 1.6001,                0.57167,                0.48946,                0.52611,                0.37104,                 1.1011,                 1.4058,                 1.6105,              0.0057232,              0.0057232,              0.0057232
                    110,                 1.1565,                 1.4746,                 1.6096,                0.62049,                0.50228,                 0.5614,                0.38293,                 1.1304,                 1.4376,                 1.6397,              0.0056836,              0.0056836,              0.0056836
                    111,                 1.1861,                 1.5061,                 1.6346,                0.62344,                0.49591,                0.54862,                0.35729,                 1.1929,                 1.5557,                  1.706,               0.005644,               0.005644,               0.005644
                    112,                 1.1448,                 1.4473,                 1.5923,                0.54669,                0.49283,                0.51027,                0.35546,                 1.1195,                 1.4435,                 1.6726,              0.0056044,              0.0056044,              0.0056044
                    113,                  1.149,                  1.437,                 1.5975,                0.66039,                0.43729,                0.50013,                0.35968,                  1.057,                 1.4945,                 1.5946,              0.0055648,              0.0055648,              0.0055648
                    114,                 1.1496,                 1.4445,                  1.599,                0.57636,                0.49546,                0.54288,                 0.3831,                 1.1093,                 1.5006,                  1.621,              0.0055252,              0.0055252,              0.0055252
                    115,                 1.1621,                 1.4678,                 1.6119,                0.66646,                0.37365,                0.41059,                0.29374,                 1.3372,                 1.8131,                  1.876,              0.0054856,              0.0054856,              0.0054856
                    116,                 1.1459,                 1.4349,                 1.5982,                0.57512,                0.55072,                0.55005,                0.37766,                 1.0795,                 1.4125,                 1.6136,               0.005446,               0.005446,               0.005446
                    117,                  1.156,                 1.4487,                 1.6052,                0.66194,                0.55009,                0.58977,                0.40806,                 1.0895,                 1.3026,                 1.5949,              0.0054064,              0.0054064,              0.0054064
                    118,                 1.1685,                 1.4728,                 1.6098,                0.60762,                 0.4862,                0.51841,                0.36893,                 1.0643,                 1.3641,                 1.5662,              0.0053668,              0.0053668,              0.0053668
                    119,                 1.1542,                 1.4618,                 1.6086,                0.61118,                0.52143,                  0.544,                0.37744,                 1.0789,                 1.3108,                 1.5746,              0.0053272,              0.0053272,              0.0053272
                    120,                 1.1387,                 1.4203,                 1.5813,                0.57674,                0.55655,                0.56844,                0.40438,                 1.0381,                 1.3306,                 1.5817,              0.0052876,              0.0052876,              0.0052876
                    121,                 1.1293,                 1.4276,                 1.5772,                0.55402,                0.57315,                0.58062,                0.41154,                 1.0551,                 1.3419,                 1.5651,               0.005248,               0.005248,               0.005248
                    122,                 1.1499,                 1.4674,                 1.6025,                0.56295,                0.50753,                0.52749,                0.37251,                   1.11,                  1.413,                 1.6223,              0.0052084,              0.0052084,              0.0052084
                    123,                 1.1252,                 1.4114,                 1.5718,                0.52083,                0.56921,                0.55459,                0.37264,                 1.1547,                 1.3626,                  1.691,              0.0051688,              0.0051688,              0.0051688
                    124,                 1.1335,                  1.417,                 1.5816,                0.62868,                0.52664,                0.55306,                0.38893,                 1.0952,                 1.4876,                 1.6138,              0.0051292,              0.0051292,              0.0051292
                    125,                 1.1163,                 1.4171,                  1.568,                0.59975,                0.58042,                0.56814,                0.40122,                 1.0562,                 1.3159,                 1.5761,              0.0050896,              0.0050896,              0.0050896
                    126,                 1.1293,                 1.4195,                 1.5795,                0.56301,                0.51077,                0.54218,                0.37345,                 1.1271,                 1.4052,                 1.6212,                0.00505,                0.00505,                0.00505
                    127,                 1.1214,                 1.4027,                 1.5684,                0.62028,                0.48529,                0.52777,                0.37662,                 1.1308,                 1.4744,                 1.6548,              0.0050104,              0.0050104,              0.0050104
                    128,                 1.1201,                  1.409,                 1.5686,                0.54255,                0.60891,                0.58377,                0.40419,                 1.0502,                 1.3672,                 1.5635,              0.0049708,              0.0049708,              0.0049708
                    129,                 1.1233,                 1.4251,                 1.5818,                0.58342,                0.51792,                0.56268,                0.39013,                 1.0622,                 1.6051,                 1.5733,              0.0049312,              0.0049312,              0.0049312
                    130,                 1.1189,                 1.4073,                 1.5751,                0.63423,                  0.507,                0.54919,                0.38524,                  1.061,                  1.334,                 1.5742,              0.0048916,              0.0048916,              0.0048916
                    131,                 1.1208,                 1.3982,                 1.5585,                0.63661,                 0.5284,                0.59398,                0.40989,                 1.0849,                 1.2894,                 1.5934,               0.004852,               0.004852,               0.004852
                    132,                 1.1127,                 1.3873,                 1.5551,                0.65386,                0.52907,                0.59146,                0.40417,                 1.0994,                 1.3259,                 1.6212,              0.0048124,              0.0048124,              0.0048124
                    133,                 1.1204,                 1.4009,                 1.5736,                0.66622,                0.46168,                0.55028,                0.38746,                 1.0359,                 1.4884,                 1.5653,              0.0047728,              0.0047728,              0.0047728
                    134,                 1.1113,                 1.3888,                 1.5656,                0.61989,                0.55414,                0.57025,                0.40165,                 1.0192,                 1.3522,                 1.5528,              0.0047332,              0.0047332,              0.0047332
                    135,                 1.1352,                 1.4071,                  1.587,                0.61832,                0.53173,                0.56927,                0.39115,                 1.0403,                 1.3126,                 1.5388,              0.0046936,              0.0046936,              0.0046936
                    136,                 1.1165,                  1.392,                 1.5624,                0.61567,                0.59988,                0.61108,                0.41978,                 1.0527,                 1.2562,                 1.5531,               0.004654,               0.004654,               0.004654
                    137,                 1.1145,                 1.3895,                 1.5622,                0.59607,                0.49485,                 0.5444,                0.37582,                 1.1306,                 1.3799,                 1.6352,              0.0046144,              0.0046144,              0.0046144
                    138,                 1.1172,                  1.404,                 1.5742,                0.63556,                0.43362,                0.48398,                0.35209,                 1.1164,                 1.5648,                 1.6316,              0.0045748,              0.0045748,              0.0045748
                    139,                  1.105,                 1.3802,                 1.5529,                 0.6116,                 0.5081,                0.55363,                0.38748,                 1.0926,                 1.2846,                 1.6079,              0.0045352,              0.0045352,              0.0045352
                    140,                 1.1213,                 1.4098,                 1.5693,                0.57216,                0.54001,                0.56583,                0.39214,                 1.0815,                 1.3617,                 1.5808,              0.0044956,              0.0044956,              0.0044956
                    141,                 1.1041,                 1.3782,                 1.5506,                0.54365,                0.53305,                 0.5482,                0.38437,                 1.0984,                 1.3119,                 1.6262,               0.004456,               0.004456,               0.004456
                    142,                 1.1012,                 1.3844,                 1.5572,                0.68197,                0.41009,                0.52982,                0.37393,                 1.1595,                 1.5096,                 1.6756,              0.0044164,              0.0044164,              0.0044164
                    143,                  1.091,                 1.3709,                 1.5457,                0.55681,                0.58366,                0.59868,                0.42036,                 1.0388,                 1.2648,                 1.5394,              0.0043768,              0.0043768,              0.0043768
                    144,                 1.1058,                 1.3827,                 1.5661,                0.62573,                0.51173,                0.54798,                0.38466,                 1.0221,                  1.562,                 1.5252,              0.0043372,              0.0043372,              0.0043372
                    145,                 1.0913,                 1.3637,                  1.549,                0.55577,                0.52175,                0.55928,                0.39867,                 1.0343,                 1.3837,                 1.5497,              0.0042976,              0.0042976,              0.0042976
                    146,                 1.1064,                  1.377,                 1.5522,                0.61853,                0.55571,                0.59728,                0.40295,                 1.0795,                 1.3356,                 1.5767,               0.004258,               0.004258,               0.004258
                    147,                 1.0916,                 1.3743,                  1.541,                0.60229,                0.56779,                0.60076,                0.42068,                  1.042,                 1.2799,                 1.5814,              0.0042184,              0.0042184,              0.0042184
                    148,                 1.1013,                 1.3884,                 1.5537,                0.68401,                0.54404,                0.62594,                0.42943,                  1.026,                 1.2411,                 1.5433,              0.0041788,              0.0041788,              0.0041788
                    149,                 1.0937,                 1.3694,                 1.5485,                 0.6161,                 0.6141,                0.63511,                0.44545,                 0.9942,                 1.1889,                 1.5164,              0.0041392,              0.0041392,              0.0041392
                    150,                 1.0939,                 1.3597,                 1.5454,                0.56809,                0.55778,                0.58239,                0.41462,                 1.0421,                 1.2661,                 1.5463,              0.0040996,              0.0040996,              0.0040996
                    151,                 1.0845,                 1.3581,                 1.5358,                0.57653,                0.56316,                0.59429,                0.42266,                 1.0173,                 1.2731,                 1.5602,                0.00406,                0.00406,                0.00406
                    152,                 1.0906,                 1.3671,                 1.5404,                0.64155,                 0.6275,                0.63798,                0.44624,                 1.0428,                 1.2079,                 1.5483,              0.0040204,              0.0040204,              0.0040204
                    153,                 1.0849,                 1.3493,                 1.5369,                0.61953,                0.54618,                0.59097,                0.42277,                 1.0374,                  1.278,                 1.5495,              0.0039808,              0.0039808,              0.0039808
                    154,                 1.0939,                 1.3587,                 1.5453,                0.59203,                 0.5428,                0.56753,                0.39753,                 1.0648,                 1.3354,                 1.5734,              0.0039412,              0.0039412,              0.0039412
                    155,                 1.0872,                 1.3526,                 1.5436,                0.57392,                0.61649,                0.61966,                0.43436,                 1.0294,                 1.2552,                 1.5531,              0.0039016,              0.0039016,              0.0039016
                    156,                 1.0884,                 1.3571,                 1.5469,                0.60631,                0.54324,                0.57733,                0.40791,                 1.0576,                 1.3377,                 1.5596,               0.003862,               0.003862,               0.003862
                    157,                 1.0738,                 1.3326,                 1.5234,                0.61833,                  0.573,                0.60421,                0.42642,                 1.0045,                 1.2452,                 1.5256,              0.0038224,              0.0038224,              0.0038224
                    158,                 1.0786,                 1.3397,                 1.5305,                 0.6519,                0.48733,                0.56431,                0.40501,                 1.0233,                 1.3784,                 1.5515,              0.0037828,              0.0037828,              0.0037828
                    159,                 1.0891,                 1.3395,                 1.5393,                0.65178,                0.53584,                0.59651,                0.41994,                 1.0507,                 1.2339,                 1.5817,              0.0037432,              0.0037432,              0.0037432
                    160,                 1.0793,                 1.3387,                 1.5408,                0.61113,                0.55836,                0.59455,                0.42209,                 1.0279,                 1.3475,                 1.5602,              0.0037036,              0.0037036,              0.0037036
                    161,                 1.0842,                  1.337,                 1.5444,                0.58804,                0.62062,                0.60954,                0.43912,                 1.0011,                 1.2534,                 1.5192,               0.003664,               0.003664,               0.003664
                    162,                  1.082,                 1.3441,                 1.5344,                0.61722,                0.59695,                0.60522,                0.42486,                 1.0407,                 1.2518,                 1.5456,              0.0036244,              0.0036244,              0.0036244
                    163,                 1.0728,                 1.3323,                 1.5271,                0.58697,                0.56881,                0.59306,                0.42203,                 1.0141,                 1.2606,                 1.5314,              0.0035848,              0.0035848,              0.0035848
                    164,                 1.0708,                 1.3431,                 1.5312,                0.62265,                0.57856,                0.61047,                0.43578,                 1.0132,                 1.1986,                 1.5502,              0.0035452,              0.0035452,              0.0035452
                    165,                 1.0793,                  1.347,                 1.5352,                0.59374,                0.57264,                0.58714,                0.41063,                 1.0478,                 1.2617,                 1.5746,              0.0035056,              0.0035056,              0.0035056
                    166,                 1.0734,                 1.3382,                 1.5277,                0.59179,                0.60134,                0.60657,                0.42774,                 1.0021,                 1.2832,                 1.5029,               0.003466,               0.003466,               0.003466
                    167,                 1.0756,                 1.3319,                 1.5376,                0.60546,                0.63028,                0.63911,                0.45456,                0.98424,                 1.1669,                 1.5035,              0.0034264,              0.0034264,              0.0034264
                    168,                  1.077,                 1.3458,                  1.534,                0.53539,                0.63616,                0.60051,                0.43025,                0.99522,                 1.2215,                 1.5079,              0.0033868,              0.0033868,              0.0033868
                    169,                 1.0625,                 1.3272,                  1.515,                0.58888,                0.58819,                 0.5837,                0.41597,                 1.0274,                 1.3552,                 1.5607,              0.0033472,              0.0033472,              0.0033472
                    170,                 1.0627,                 1.3122,                 1.5171,                0.63733,                0.56455,                 0.6191,                0.43817,                 1.0093,                 1.2305,                 1.5179,              0.0033076,              0.0033076,              0.0033076
                    171,                 1.0571,                 1.3038,                 1.5071,                0.60753,                0.63438,                0.61561,                0.43423,                 1.0308,                 1.2111,                 1.5364,               0.003268,               0.003268,               0.003268
                    172,                 1.0548,                 1.3004,                 1.5024,                0.63286,                0.63452,                0.61828,                  0.443,                 1.0258,                 1.2161,                 1.5479,              0.0032284,              0.0032284,              0.0032284
                    173,                 1.0687,                 1.3224,                 1.5261,                0.66473,                0.57155,                0.63766,                0.46122,                0.98369,                 1.1707,                 1.5027,              0.0031888,              0.0031888,              0.0031888
                    174,                 1.0591,                 1.3144,                 1.5179,                0.63674,                0.61915,                0.63285,                0.44922,                 0.9896,                 1.2004,                 1.5218,              0.0031492,              0.0031492,              0.0031492
                    175,                 1.0623,                 1.3124,                 1.5215,                0.61953,                0.59949,                0.62234,                0.44514,                0.97867,                 1.1688,                 1.5083,              0.0031096,              0.0031096,              0.0031096
                    176,                 1.0493,                 1.3072,                 1.5052,                0.58853,                0.54821,                0.59284,                0.42507,                 1.0033,                  1.266,                 1.5146,                0.00307,                0.00307,                0.00307
                    177,                 1.0467,                  1.297,                 1.5055,                0.65556,                 0.5185,                0.58133,                 0.4168,                0.99776,                 1.2972,                 1.5259,              0.0030304,              0.0030304,              0.0030304
                    178,                 1.0687,                  1.319,                 1.5208,                0.62523,                0.52535,                0.58048,                0.41574,                0.98686,                 1.2768,                  1.519,              0.0029908,              0.0029908,              0.0029908
                    179,                 1.0577,                 1.3017,                 1.5137,                0.64327,                 0.5748,                0.61063,                 0.4308,                 1.0081,                 1.2026,                 1.5275,              0.0029512,              0.0029512,              0.0029512
                    180,                 1.0432,                 1.2955,                 1.4949,                0.60252,                0.57181,                0.59889,                 0.4367,                0.99732,                 1.2018,                 1.5167,              0.0029116,              0.0029116,              0.0029116
                    181,                 1.0443,                 1.2974,                 1.5041,                0.66533,                0.48897,                0.54732,                0.39906,                 1.0289,                 1.2929,                 1.5378,               0.002872,               0.002872,               0.002872
                    182,                 1.0487,                  1.278,                 1.4978,                0.59878,                 0.6229,                0.64061,                0.44662,                0.98427,                 1.1471,                  1.502,              0.0028324,              0.0028324,              0.0028324
                    183,                 1.0413,                 1.2872,                 1.5029,                0.60191,                0.62026,                0.62963,                0.44653,                0.98238,                 1.1523,                 1.4994,              0.0027928,              0.0027928,              0.0027928
                    184,                 1.0329,                 1.2644,                 1.4817,                0.60802,                0.61494,                0.64769,                0.46259,                0.98018,                 1.1116,                 1.5115,              0.0027532,              0.0027532,              0.0027532
                    185,                 1.0531,                 1.2913,                 1.5084,                0.64782,                0.55727,                0.60072,                0.42789,                0.99757,                 1.2374,                 1.5164,              0.0027136,              0.0027136,              0.0027136
                    186,                 1.0359,                 1.2835,                 1.4897,                 0.6355,                0.52517,                0.56229,                0.39954,                 1.0196,                 1.3211,                 1.5301,               0.002674,               0.002674,               0.002674
                    187,                   1.03,                 1.2806,                 1.4879,                0.62711,                0.61384,                0.63109,                0.44613,                0.95974,                 1.1525,                 1.4863,              0.0026344,              0.0026344,              0.0026344
                    188,                 1.0452,                 1.2845,                  1.508,                0.61092,                0.59788,                0.62438,                0.44489,                0.99573,                  1.208,                 1.5111,              0.0025948,              0.0025948,              0.0025948
                    189,                 1.0227,                 1.2424,                 1.4789,                0.64524,                0.61176,                0.64518,                0.45853,                0.96007,                  1.177,                 1.4794,              0.0025552,              0.0025552,              0.0025552
                    190,                 1.0328,                 1.2625,                 1.4879,                0.61775,                0.58521,                0.61814,                0.44218,                0.99112,                 1.1691,                 1.5079,              0.0025156,              0.0025156,              0.0025156
                    191,                 1.0299,                 1.2646,                 1.4874,                0.63131,                 0.6238,                0.62896,                0.45092,                0.97996,                 1.1625,                  1.483,               0.002476,               0.002476,               0.002476
                    192,                 1.0197,                  1.253,                 1.4746,                0.58731,                0.55819,                0.55428,                0.39962,                0.97616,                 1.2642,                 1.4951,              0.0024364,              0.0024364,              0.0024364
                    193,                 1.0225,                 1.2544,                 1.4827,                0.61203,                  0.644,                0.63581,                0.44241,                0.98787,                 1.1639,                 1.5118,              0.0023968,              0.0023968,              0.0023968
                    194,                 1.0196,                  1.256,                 1.4774,                0.63989,                0.57885,                0.62805,                0.44263,                0.99734,                  1.143,                 1.5223,              0.0023572,              0.0023572,              0.0023572
                    195,                 1.0248,                 1.2495,                 1.4783,                0.58101,                0.63533,                0.62057,                0.44048,                      1,                 1.1852,                 1.5139,              0.0023176,              0.0023176,              0.0023176
                    196,                 1.0155,                 1.2426,                 1.4695,                0.65926,                0.57645,                0.62029,                0.44518,                 0.9752,                 1.1735,                 1.4815,               0.002278,               0.002278,               0.002278
                    197,                 1.0168,                 1.2422,                 1.4697,                 0.6722,                0.57926,                0.62649,                0.44488,                0.95569,                 1.1579,                 1.4665,              0.0022384,              0.0022384,              0.0022384
                    198,                 1.0251,                 1.2457,                 1.4792,                0.62847,                 0.6159,                0.64032,                 0.4617,                0.95553,                 1.1606,                 1.4701,              0.0021988,              0.0021988,              0.0021988
                    199,                 1.0167,                 1.2386,                 1.4725,                0.63783,                0.59744,                0.61388,                0.44226,                0.97056,                  1.262,                 1.4842,              0.0021592,              0.0021592,              0.0021592
                    200,                 1.0228,                 1.2384,                 1.4698,                0.62709,                 0.6263,                 0.6269,                0.45278,                0.95673,                 1.2182,                 1.4702,              0.0021196,              0.0021196,              0.0021196
                    201,                 1.0307,                 1.2382,                  1.478,                0.64671,                0.60685,                0.61945,                0.43552,                0.98496,                 1.2087,                 1.4952,                0.00208,                0.00208,                0.00208
                    202,                 1.0272,                 1.2334,                 1.4762,                0.58419,                0.64734,                0.63613,                0.45835,                0.95524,                 1.1071,                 1.4603,              0.0020404,              0.0020404,              0.0020404
                    203,                 1.0139,                 1.2306,                 1.4674,                0.59483,                0.61763,                0.60611,                0.43939,                0.97095,                 1.1819,                 1.4864,              0.0020008,              0.0020008,              0.0020008
                    204,                 1.0037,                 1.2091,                 1.4607,                0.64922,                0.62354,                0.64808,                0.46791,                0.94774,                 1.1024,                 1.4625,              0.0019612,              0.0019612,              0.0019612
                    205,                 1.0031,                 1.2188,                 1.4615,                0.65586,                0.62859,                 0.6646,                0.46827,                0.95461,                 1.1409,                 1.4758,              0.0019216,              0.0019216,              0.0019216
                    206,                0.99931,                 1.2176,                 1.4568,                0.63481,                0.63179,                0.65802,                 0.4787,                0.94339,                 1.0807,                 1.4642,               0.001882,               0.001882,               0.001882
                    207,                 1.0097,                 1.2283,                 1.4682,                0.65062,                0.63488,                0.66606,                0.47838,                0.95616,                 1.0725,                 1.4682,              0.0018424,              0.0018424,              0.0018424
                    208,                0.98923,                 1.1955,                 1.4478,                0.61703,                 0.6158,                0.64006,                0.45938,                0.96493,                 1.1418,                 1.4744,              0.0018028,              0.0018028,              0.0018028
                    209,                0.99311,                  1.188,                  1.446,                0.64525,                0.61227,                0.64749,                0.47048,                0.94388,                 1.1323,                 1.4531,              0.0017632,              0.0017632,              0.0017632
                    210,                0.98414,                 1.1761,                 1.4326,                0.61203,                0.62275,                  0.646,                0.47622,                0.96087,                 1.1609,                  1.476,              0.0017236,              0.0017236,              0.0017236
                    211,                0.99289,                 1.1999,                 1.4503,                0.64934,                0.56724,                0.63597,                0.46959,                0.93828,                 1.1248,                 1.4475,               0.001684,               0.001684,               0.001684
                    212,                0.99171,                 1.2086,                 1.4521,                0.69554,                0.53662,                0.64001,                0.46224,                0.93311,                 1.1004,                 1.4566,              0.0016444,              0.0016444,              0.0016444
                    213,                0.97548,                 1.1801,                 1.4336,                0.64212,                 0.5803,                0.63068,                0.46557,                0.94766,                 1.1604,                 1.4768,              0.0016048,              0.0016048,              0.0016048
                    214,                0.98771,                 1.1859,                 1.4431,                0.62607,                0.63057,                0.65099,                0.46809,                0.96062,                 1.0907,                 1.4875,              0.0015652,              0.0015652,              0.0015652
                    215,                0.98084,                 1.1772,                 1.4378,                0.63985,                0.61566,                0.64161,                0.46425,                0.95013,                 1.1108,                 1.4707,              0.0015256,              0.0015256,              0.0015256
                    216,                0.98304,                 1.1809,                 1.4394,                0.59364,                0.64723,                0.64059,                0.46346,                0.94743,                 1.1445,                 1.4627,               0.001486,               0.001486,               0.001486
                    217,                0.98868,                 1.1885,                 1.4526,                0.66001,                0.56118,                0.65032,                0.45606,                0.94901,                 1.1912,                 1.4659,              0.0014464,              0.0014464,              0.0014464
                    218,                0.97599,                 1.1806,                 1.4367,                0.61859,                0.63728,                0.66314,                0.48257,                0.94291,                 1.1211,                 1.4549,              0.0014068,              0.0014068,              0.0014068
                    219,                0.97201,                 1.1589,                 1.4301,                0.66396,                0.61438,                0.65989,                0.47882,                0.94721,                 1.0812,                 1.4587,              0.0013672,              0.0013672,              0.0013672
                    220,                0.98891,                 1.1902,                 1.4426,                0.61174,                0.64978,                0.65886,                 0.4841,                0.95407,                 1.0671,                 1.4577,              0.0013276,              0.0013276,              0.0013276
                    221,                0.97116,                 1.1657,                 1.4289,                0.61384,                0.61251,                0.64667,                0.47342,                0.93528,                  1.069,                 1.4386,               0.001288,               0.001288,               0.001288
                    222,                0.97226,                 1.1606,                 1.4299,                0.61084,                0.66082,                0.66358,                0.48099,                0.93819,                 1.0621,                 1.4479,              0.0012484,              0.0012484,              0.0012484
                    223,                0.97097,                 1.1625,                 1.4293,                0.57204,                0.67745,                0.65159,                 0.4744,                0.95777,                 1.1132,                 1.4792,              0.0012088,              0.0012088,              0.0012088
                    224,                0.97326,                 1.1578,                 1.4319,                0.67692,                0.60243,                 0.6742,                0.48866,                0.93716,                 1.0703,                 1.4467,              0.0011692,              0.0011692,              0.0011692
                    225,                0.96774,                 1.1572,                 1.4235,                0.59569,                0.68697,                0.66836,                0.48637,                0.92857,                 1.0816,                 1.4354,              0.0011296,              0.0011296,              0.0011296
                    226,                0.95886,                 1.1419,                 1.4172,                0.67252,                0.63159,                0.68482,                0.49257,                0.92332,                 1.0843,                 1.4266,                0.00109,                0.00109,                0.00109
                    227,                0.96231,                 1.1446,                 1.4189,                0.61806,                0.64705,                0.65994,                0.47686,                 0.9283,                 1.1346,                 1.4389,              0.0010504,              0.0010504,              0.0010504
                    228,                0.95231,                 1.1305,                 1.4084,                0.62238,                0.63164,                0.64757,                0.47302,                0.93297,                 1.2069,                  1.446,              0.0010108,              0.0010108,              0.0010108
                    229,                0.95811,                 1.1379,                 1.4152,                0.63501,                 0.6499,                 0.6481,                0.46584,                0.95326,                 1.1502,                 1.4663,              0.0009712,              0.0009712,              0.0009712
                    230,                0.95046,                 1.1368,                 1.4148,                0.65161,                0.59773,                0.66081,                0.48539,                0.93127,                 1.0935,                 1.4344,              0.0009316,              0.0009316,              0.0009316
                    231,                0.95552,                 1.1345,                 1.4142,                0.63728,                 0.5848,                0.65132,                0.47829,                0.93704,                 1.0652,                  1.451,               0.000892,               0.000892,               0.000892
                    232,                0.95269,                 1.1361,                 1.4222,                0.63635,                0.63212,                0.65116,                0.47683,                 0.9388,                 1.0542,                 1.4582,              0.0008524,              0.0008524,              0.0008524
                    233,                0.93777,                 1.1041,                 1.3972,                0.61631,                0.68445,                0.65838,                0.47787,                0.93476,                 1.0496,                 1.4458,              0.0008128,              0.0008128,              0.0008128
                    234,                0.94959,                 1.1305,                 1.4095,                0.59035,                0.68465,                0.65045,                0.47449,                0.92111,                 1.0789,                 1.4275,              0.0007732,              0.0007732,              0.0007732
                    235,                0.94721,                 1.1246,                 1.4131,                0.60326,                0.69522,                0.65947,                0.47614,                0.92837,                 1.0932,                 1.4472,              0.0007336,              0.0007336,              0.0007336
                    236,                0.95291,                 1.1366,                 1.4122,                0.64132,                0.64043,                0.65169,                0.48527,                0.91971,                 1.1289,                 1.4371,               0.000694,               0.000694,               0.000694
                    237,                 0.9525,                 1.1345,                 1.4168,                0.64683,                0.61524,                 0.6537,                0.48417,                 0.9275,                 1.1042,                 1.4433,              0.0006544,              0.0006544,              0.0006544
                    238,                0.93408,                 1.1106,                 1.4044,                0.64464,                0.61479,                0.65733,                0.48468,                0.92676,                 1.0859,                 1.4401,              0.0006148,              0.0006148,              0.0006148
                    239,                0.93749,                 1.1008,                 1.3985,                0.60774,                0.65557,                0.66762,                0.49257,                0.91555,                  1.071,                 1.4241,              0.0005752,              0.0005752,              0.0005752
                    240,                0.92659,                 1.0992,                 1.3907,                0.64873,                0.64327,                0.66492,                 0.4956,                0.91744,                 1.0751,                 1.4276,              0.0005356,              0.0005356,              0.0005356
                    241,                0.93716,                 1.1086,                 1.3952,                0.62106,                0.63592,                0.65946,                0.48719,                0.92274,                 1.0602,                 1.4359,               0.000496,               0.000496,               0.000496
                    242,                0.94439,                  1.113,                 1.4064,                 0.6207,                0.67629,                0.66312,                0.48515,                0.92227,                  1.053,                 1.4371,              0.0004564,              0.0004564,              0.0004564
                    243,                 0.9388,                 1.1096,                 1.3955,                0.62719,                 0.6657,                0.65602,                0.48064,                0.92606,                 1.0534,                 1.4336,              0.0004168,              0.0004168,              0.0004168
                    244,                0.92044,                 1.0836,                 1.3856,                0.63037,                0.66515,                0.65426,                0.48143,                 0.9229,                 1.0746,                 1.4325,              0.0003772,              0.0003772,              0.0003772
                    245,                  0.937,                 1.1019,                 1.4001,                0.63415,                0.63195,                0.66298,                0.49134,                0.92505,                 1.0693,                 1.4379,              0.0003376,              0.0003376,              0.0003376
                    246,                0.92638,                 1.0878,                 1.3903,                0.62833,                0.64321,                0.66198,                0.48541,                0.91409,                 1.0532,                 1.4304,               0.000298,               0.000298,               0.000298
                    247,                0.93028,                 1.0965,                 1.3969,                0.62326,                0.65254,                0.65734,                0.48014,                 0.9234,                  1.062,                 1.4411,              0.0002584,              0.0002584,              0.0002584
                    248,                 0.9135,                 1.0757,                 1.3785,                0.61014,                0.66483,                0.65263,                 0.4819,                 0.9214,                 1.0594,                 1.4374,              0.0002188,              0.0002188,              0.0002188
                    249,                0.92774,                 1.0856,                 1.3915,                0.64843,                0.63718,                0.66212,                0.48962,                0.91856,                 1.0699,                 1.4325,              0.0001792,              0.0001792,              0.0001792
